"","LOCATION_ID","frequent2","stop_name","jurisdic","zipcode","estimated_pop_density","X","Y","white","white_nh","black","native","asian","pacific","hispanic","other_race","two_races","total_pop","male","female","age_below_18","age_18_29","age_30_44","age_45_54","age_55_64","age_65_more","educ_no_school","educ_high_or_less","educ_bach_or_less","educ_master","educ_prof","educ_phd","english_native","average_household_size","median_income","average_total_ons","average_total_offs","hotspot_1","hotspot_2","hotspot_3","hotspot_4","hotspot_5"
"1",265,FALSE,"W Baseline Rd & SW Lisa","Washington Co.",97006,10716,-122.8713289,45.51638656,1002,932,39,37,365,51,292,94,228,1816,1061,1523,594,583,990,319,246,307,34,275,831,132,10,36,1220,2.3,21507.2,36,3,1,1,1,1,1
"2",963,FALSE,"SW Capitol & Nebraska","Portland",97239,9150,-122.6992666,45.47765666,1389,1323,37,6,66,0,190,63,187,1747,909,1729,580,360,833,391,371,726,19,119,801,270,90,55,1491,2.2,34074.1,90,32,0,0,1,1,1
"3",1600,FALSE,"SE Ellis & 86th Ct","Portland",97266,10621,-122.5742375,45.48224235,1325,1251,126,67,274,2,254,47,162,2002,1199,1604,787,433,1000,377,586,324,30,555,679,160,17,8,1443,2.5,13934.1,10,43,0,1,1,1,1
"4",1602,FALSE,"SE Ellis & 89th","Portland",97266,8754,-122.5710808,45.48221616,1118,1046,74,64,228,2,225,33,120,1638,991,1324,682,329,844,297,513,243,19,436,566,139,13,8,1177,2.5,11393.3,6,59,0,0,1,1,1
"5",1691,FALSE,"SW Farmington & 192nd","Washington Co.",97007,8861,-122.8744067,45.47187808,959,890,88,8,213,4,271,66,302,1641,939,1430,656,407,637,449,329,324,7,247,598,164,23,39,1080,2.8,13755.4,50,52,0,0,1,1,1
"6",1761,FALSE,"SE Flavel & 85th","Portland",97266,8592,-122.5760352,45.46852765,1044,1014,212,30,222,1,173,69,212,1791,1030,1410,572,507,767,374,383,375,55,536,579,93,16,10,1307,2.7,13381.6,16,101,0,0,1,1,1
"7",1769,FALSE,"13100 Block SE Foster","Portland",97236,10242,-122.5287183,45.4768906,1146,1035,129,22,309,0,338,131,144,1881,1164,1484,675,480,801,374,399,525,58,439,649,109,24,1,1091,2.9,12975.9,63,49,0,0,1,1,1
"8",1770,FALSE,"SE Foster & 131st","Portland",97236,9973,-122.5286145,45.47670165,1127,1018,125,21,304,0,330,128,141,1846,1140,1459,662,472,784,369,391,517,57,429,638,107,24,2,1070,2.9,12784.6,49,24,0,1,1,1,1
"9",1786,FALSE,"12300 Block SE Foster","Portland",97236,9148,-122.5356694,45.47647922,1053,946,118,19,286,0,316,118,139,1732,1064,1380,648,423,758,334,360,472,56,410,594,93,19,1,1018,2.9,12326.3,58,35,0,0,1,1,1
"10",1906,FALSE,"NE Fremont & 77th","Portland",97213,10215,-122.5839498,45.54813334,1342,1300,1,4,116,2,136,39,168,1671,884,1597,516,290,916,577,344,465,4,213,787,276,61,25,1413,2.2,15703.1,11,66,0,1,1,1,1
"11",1907,FALSE,"NE Fremont & 77th","Portland",97213,10296,-122.5837358,45.54824251,1350,1308,1,4,116,2,136,39,168,1681,888,1608,517,293,923,579,346,468,4,214,794,277,61,25,1422,2.2,15830.4,59,18,0,1,1,1,1
"12",1909,FALSE,"NE Fremont & 80th","Portland",97213,9724,-122.5806913,45.54822901,1295,1251,6,8,113,1,129,37,173,1633,893,1501,535,267,893,544,308,466,12,215,745,252,54,24,1371,2.2,15087.9,122,25,0,0,1,1,1
"13",2000,FALSE,"NE Glisan & Floral","Portland",97232,8605,-122.6292766,45.52653159,1338,1302,0,0,70,2,69,2,141,1553,843,1414,579,299,634,664,283,465,2,95,624,282,114,30,1375,2.3,26425.4,74,20,0,0,1,1,1
"14",2002,FALSE,"NE Glisan & Laddington","Portland",97232,8515,-122.624881,45.52651775,1408,1383,0,0,65,2,47,3,130,1608,878,1463,665,272,506,749,323,522,3,84,588,310,128,38,1441,2.5,25758.8,59,16,0,0,1,1,1
"15",2552,FALSE,"SE Harold & 69th","Portland",97206,10124,-122.5920021,45.48299717,1541,1464,39,19,184,5,177,46,122,1957,1084,1755,628,460,1422,482,234,371,19,309,922,206,24,32,1678,2.2,23632.5,20,83,0,0,1,1,1
"16",2553,FALSE,"SE Harold & 69th","Portland",97206,10174,-122.5927346,45.48310908,1575,1495,37,20,178,6,166,36,121,1973,1094,1760,648,465,1436,494,231,359,16,316,930,205,22,34,1707,2.2,23995.2,68,12,0,0,1,1,1
"17",2557,FALSE,"SE Harold & 74th","Portland",97206,9727,-122.5868236,45.4830059,1305,1248,55,10,226,3,255,115,134,1849,1023,1731,491,425,1327,399,256,454,39,259,868,210,43,15,1487,2.2,21169.9,23,64,0,0,1,1,1
"18",2558,FALSE,"SE Harold & 74th","Portland",97206,9745,-122.5865668,45.48312652,1295,1239,56,10,228,3,259,118,135,1844,1020,1730,484,424,1322,396,257,458,40,257,866,210,44,15,1479,2.2,21062.7,51,20,0,1,1,1,1
"19",2740,TRUE,"SE Holgate & 56th","Portland",97206,9233,-122.6057871,45.49023464,1473,1414,22,0,69,12,157,42,145,1763,936,1698,539,438,1196,522,275,364,10,211,915,182,40,29,1552,2.2,21800.9,33,97,0,0,1,1,1
"20",2870,FALSE,"SE Hwy 224 & Eckert Ln","Happy Valley",97089,11662,-122.5008488,45.40329224,1740,1682,41,0,114,0,167,83,129,2108,1134,1980,1110,533,753,694,360,508,8,395,815,88,13,12,1830,3,11363.7,2,35,0,1,1,1,1
"21",4345,FALSE,"SW Park Pl & King","Portland",97205,24402,-122.6955705,45.521242,3447,3281,150,3,197,0,477,101,568,4466,2475,3919,789,1660,2413,1255,681,1426,58,342,2016,770,286,161,3644,1.6,94892.9,14,9,1,1,1,1,1
"22",4438,FALSE,"N Peninsular & Watts","Portland",97217,9930,-122.6971509,45.58137932,1373,1268,58,1,110,65,256,50,230,1886,1061,1584,655,319,1283,578,253,324,0,167,970,251,39,1,1609,2.4,24360.2,3,113,0,0,1,1,1
"23",4496,FALSE,"N Portsmouth & Oberlin","Portland",97203,8708,-122.7251943,45.58115787,1276,1206,216,15,218,9,262,41,297,2072,1071,1895,463,1341,812,345,277,302,16,266,615,157,29,16,1691,2.6,8776.6,3,125,0,0,1,1,1
"24",5019,FALSE,"SW Salmon & 20th","Portland",97205,23143,-122.6937853,45.52056045,3208,3026,209,10,179,5,529,125,605,4342,2419,3765,557,1832,2485,1265,507,1251,48,382,2017,775,190,136,3570,1.5,88128.7,24,21,0,1,1,1,1
"25",5522,FALSE,"SE Steele & 36th Pl","Portland",97202,9345,-122.6256169,45.48467988,1073,1026,70,6,38,0,129,28,98,1312,722,1265,319,847,466,289,189,357,0,127,490,171,25,18,1172,2,8518.2,6,69,0,0,1,1,1
"26",5976,FALSE,"N Vancouver & Ainsworth","Portland",97217,9586,-122.6687362,45.56630733,1417,1398,188,23,36,0,93,63,70,1798,901,1737,531,367,782,648,497,464,0,156,845,287,109,17,1436,2.2,51282.4,37,89,0,0,1,1,1
"27",6379,FALSE,"N Willis & Hereford","Portland",97203,8912,-122.7206133,45.58411554,931,867,365,12,161,1,301,88,305,1862,1060,1467,613,628,899,380,256,254,40,377,661,141,5,14,1345,2.5,9831.1,6,123,0,0,1,1,1
"28",6380,FALSE,"N Willis & Hodge","Portland",97203,9155,-122.7200183,45.58401185,948,883,375,12,164,1,309,90,312,1902,1085,1495,629,634,920,390,262,259,41,387,677,144,5,15,1372,2.5,10070,107,6,0,0,1,1,1
"29",6597,FALSE,"SW 121st & North Dakota","Tigard",97223,10004,-122.8002039,45.43853479,1305,1170,3,10,217,0,265,80,226,1841,1090,1587,719,530,783,374,368,501,7,197,841,143,26,27,1361,2.6,17745.5,77,25,0,0,1,1,1
"30",7151,FALSE,"SE 223rd & Salmon","Gresham",97030,9650,-122.4339841,45.5133301,924,820,36,28,26,63,292,91,168,1336,836,1148,489,621,512,297,211,319,6,293,425,47,13,3,986,2.5,9005.1,32,60,0,0,1,1,1
"31",7208,FALSE,"NE 24th & Tillamook","Portland",97212,9750,-122.6410824,45.53734105,1412,1319,86,35,51,5,194,24,163,1775,950,1651,445,665,919,421,296,542,14,69,918,233,121,37,1501,1.9,22170.6,20,78,0,0,1,1,1
"32",7234,FALSE,"SE 26th & Woodward","Portland",97202,10344,-122.6395832,45.50186616,1639,1620,28,9,124,2,130,59,198,2059,1148,1824,466,659,1443,512,288,440,2,209,1029,281,74,65,1841,2.1,24770.6,39,22,0,1,1,1,1
"33",7246,FALSE,"NE 27th & Holman","Portland",97211,8520,-122.6380816,45.56814667,1081,1059,262,5,94,2,87,35,127,1607,745,1528,536,437,789,525,214,251,0,138,790,179,22,42,1421,2.3,11594.5,3,113,0,0,1,1,1
"34",7248,FALSE,"NE 27th & Jarrett","Portland",97211,12366,-122.6380707,45.56436993,1677,1648,291,6,112,2,123,62,185,2336,1147,2188,755,603,1194,765,332,457,0,195,1139,287,77,61,2098,2.3,21067.3,3,97,0,0,1,1,1
"35",7249,FALSE,"NE 27th & Jarrett","Portland",97211,12059,-122.6382498,45.56454065,1647,1618,297,6,113,2,122,60,183,2309,1127,2166,749,599,1175,757,326,442,0,194,1126,281,71,61,2071,2.3,20411.7,117,6,0,0,1,1,1
"36",7266,FALSE,"NE 27th & Wygant","Portland",97211,12338,-122.6379844,45.55760843,1859,1837,55,2,45,0,109,84,178,2224,1250,2001,662,491,1251,735,369,662,0,172,1058,340,184,60,2075,2.3,30590.3,106,4,0,0,1,1,1
"37",7267,FALSE,"NE 27th & Wygant","Portland",97211,12385,-122.637848,45.55761409,1865,1843,55,2,45,0,110,84,179,2231,1254,2007,664,493,1255,736,370,665,0,173,1062,341,184,60,2082,2.3,30659,4,112,0,0,1,1,1
"38",7386,FALSE,"NE 33rd & Knott","Portland",97212,9749,-122.6307743,45.54221759,1379,1347,26,6,64,1,87,13,128,1618,869,1512,672,189,507,616,405,662,5,91,683,245,118,50,1390,2.6,33235.2,83,40,0,0,1,1,1
"39",7395,FALSE,"NE 33rd & Siskiyou","Portland",97212,9643,-122.6306201,45.54592008,1465,1435,34,8,67,1,88,18,136,1729,941,1594,690,203,589,627,451,692,4,110,757,246,118,50,1486,2.5,35207.9,33,91,0,0,1,1,1
"40",7396,FALSE,"NE 33rd & Siskiyou","Portland",97212,10066,-122.630785,45.54536673,1497,1465,31,8,69,1,91,17,139,1762,955,1633,714,205,580,650,454,715,5,109,762,254,122,52,1512,2.6,36368.2,104,17,0,0,1,1,1
"41",7399,FALSE,"NE 33rd & Stanton","Portland",97212,10614,-122.6306173,45.54378559,1528,1494,30,8,71,1,93,15,143,1797,970,1669,735,206,573,669,463,739,5,111,773,259,124,53,1535,2.6,37800.2,35,65,0,0,1,1,1
"42",7400,FALSE,"NE 33rd & Stanton","Portland",97212,10628,-122.6307735,45.5437169,1526,1492,29,8,71,1,94,15,142,1793,967,1668,736,206,569,672,459,736,5,108,768,262,126,54,1534,2.6,37520,53,21,0,1,1,1,1
"43",7735,FALSE,"NE 57th & Hancock","Portland",97213,9175,-122.6047396,45.53659522,1360,1292,22,13,71,0,145,21,124,1612,989,1370,656,362,818,400,383,429,3,135,758,186,44,56,1335,2.5,31651.8,87,35,0,0,1,1,1
"44",9082,TRUE,"SW Hall & Ashford","Tigard",97224,8888,-122.7644065,45.40807562,1474,1434,12,0,97,0,86,19,94,1697,804,1779,611,376,649,439,387,756,25,207,852,119,38,34,1403,2.4,29213.1,41,8,0,0,1,1,1
"45",9873,FALSE,"600 Block NW Naito Parkway","Portland",97209,11405,-122.6728808,45.52799906,1784,1661,252,32,97,0,227,39,86,2290,1661,1495,154,550,1588,554,415,916,23,834,822,305,32,105,1896,1.4,14606.6,52,41,0,0,1,1,1
"46",9875,FALSE,"NW Naito Parkway & 9th","Portland",97209,23048,-122.6799723,45.53302117,3684,3647,225,0,636,0,221,83,262,4889,2742,4194,354,1310,3676,846,994,1577,0,375,2441,636,680,360,4020,1.5,106134.1,71,30,0,0,1,1,1
"47",9888,FALSE,"600 Block NW Naito Parkway","Portland",97209,13723,-122.6726331,45.52751134,2343,2182,331,42,127,0,298,52,113,3009,2182,1964,202,722,2087,728,545,1204,30,1095,1080,400,42,138,2491,1.4,19189.7,39,74,0,0,1,1,1
"48",9892,FALSE,"NW Front & 15th","Portland",97209,11750,-122.6854848,45.53609155,1003,980,47,7,132,0,107,29,113,1331,732,1198,143,415,960,252,267,380,6,86,648,191,172,81,1118,1.6,28974.7,79,53,0,0,1,1,1
"49",10177,FALSE,"N Ivanhoe & Leavitt","Portland",97203,12369,-122.7548021,45.58949051,1599,1547,75,25,51,0,301,104,378,2232,1369,1847,455,731,1466,690,405,333,7,277,1292,220,32,54,1890,1.8,31855.7,120,9,0,0,1,1,1
"50",11029,FALSE,"SE Harold & 133rd","Portland",97236,10500,-122.5264087,45.48341935,992,937,155,9,235,56,319,126,185,1758,1086,1477,747,455,579,359,367,507,32,598,479,46,15,2,962,2.9,10944.4,2,30,0,1,1,1,1
"51",11773,FALSE,"NE Sandy & Blossom Hill","Fairview",97024,8664,-122.4408666,45.54239754,698,613,155,24,66,48,440,217,213,1422,971,1117,328,548,462,341,328,468,21,345,598,44,4,8,831,2.6,8014.7,89,44,0,0,1,1,1
"52",11837,FALSE,"N Ivanhoe & Baltimore","Portland",97203,12225,-122.7565493,45.59049591,1588,1536,78,27,44,0,300,109,372,2218,1366,1819,450,756,1452,687,396,314,3,262,1313,205,33,58,1883,1.7,32900.9,7,78,0,0,1,1,1
"53",13035,FALSE,"SW 197th & Brookfield","Washington Co.",97003,9935,-122.8796468,45.51340042,970,900,52,45,356,4,418,197,248,1873,1211,1496,725,690,817,331,304,324,19,396,668,110,12,35,1210,3,15721.4,56,22,0,1,1,1,1
"54",13036,FALSE,"SW 197th & Alderwood Ct","Washington Co.",97003,8755,-122.8794332,45.5122839,894,820,47,45,312,4,393,179,231,1713,1113,1365,647,642,763,302,279,293,17,390,592,101,9,27,1108,3,14164.6,9,31,0,0,1,1,1
"55",13156,FALSE,"SE Hwy 224 & Goosehollow","Happy Valley",97089,9705,-122.5025252,45.40603875,1426,1378,34,0,94,0,137,68,106,1728,929,1622,909,437,617,568,295,416,6,324,667,72,11,10,1499,3,9310.9,7,35,0,1,1,1,1
"56",13202,FALSE,"SW 158th & Greystone Ct","Beaverton",97006,9553,-122.8393812,45.51441078,997,776,138,19,532,0,367,75,131,1892,1106,1409,707,561,1060,285,230,193,11,248,768,214,13,15,1034,2.5,27357.3,46,61,0,0,1,1,1
"57",13662,FALSE,"SE Hwy 224 & Eckert Ln","Happy Valley",97089,10734,-122.5004635,45.4028569,1606,1551,38,0,106,0,154,76,119,1945,1046,1826,1024,492,695,640,332,469,7,365,752,82,12,11,1688,3,10483.9,44,2,0,1,1,1,1
"58",13900,TRUE,"SW Hall & Langtree","Tigard",97224,8921,-122.7646686,45.40758616,1506,1464,12,0,97,0,90,18,95,1727,815,1823,618,381,648,438,397,799,27,208,875,121,39,34,1429,2.3,29077.8,12,49,0,0,1,1,1
"59",13956,FALSE,"SE 162nd & Tibbetts","Portland",97236,9607,-122.4970171,45.49985951,903,729,142,4,142,35,456,100,203,1529,903,1391,597,345,695,388,341,348,94,460,492,31,7,10,979,2.7,12161.1,33,92,0,0,1,1,1
